<code_scheme name="Default" version="173">
  <GoCodeStyleSettings>
    <option name="ADD_LEADING_SPACE_TO_COMMENTS" value="true" />
    <option name="MOVE_ALL_IMPORTS_IN_ONE_DECLARATION" value="true" />
    <option name="MOVE_ALL_STDLIB_IMPORTS_IN_ONE_GROUP" value="true" />
    <option name="GROUP_STDLIB_IMPORTS" value="true" />
    <option name="GROUP_CURRENT_PROJECT_IMPORTS" value="true" />
  </GoCodeStyleSettings>
  <codeStyleSettings language="JSON">
    <indentOptions>
      <option name="INDENT_SIZE" value="4" />
    </indentOptions>
  </codeStyleSettings>
  <codeStyleSettings language="go">
    <indentOptions>
      <option name="SMART_TABS" value="true" />
    </indentOptions>
  </codeStyleSettings>
  <codeStyleSettings language="protobuf">
    <indentOptions>
      <option name="INDENT_SIZE" value="4" />
      <option name="TAB_SIZE" value="4" />
      <option name="USE_TAB_CHARACTER" value="true" />
      <option name="SMART_TABS" value="true" />
      <option name="KEEP_INDENTS_ON_EMPTY_LINES" value="true" />
    </indentOptions>
  </codeStyleSettings>
</code_scheme>