<application>
  <component name="ProjectManager">
    <defaultProject>
      <component name="FileColors">
        <fileColor scope="Non-Project Files (Material Default)" color="2E3C43" />
        <fileColor scope="Non-Project Files (Material Darker)" color="323232" />
        <fileColor scope="Non-Project Files (Material Lighter)" color="eae8e8" />
        <fileColor scope="Non-Project Files (Material Palenight)" color="2f2e43" />
      </component>
      <component name="GoImports">
        <option name="importSorting" value="GOFMT" />
      </component>
      <component name="GoLibraries">
        <option name="urls">
          <list>
            <option value="file://E:/server/xrzp-dev/1.2.0/gopath" />
            <option value="file://E:/server/xrzp-dev/1.2.0/server/src/merge" />
          </list>
        </option>
      </component>
      <component name="PropertiesComponent">
        <property name="configurable.Global.GOPATH.is.expanded" value="true" />
        <property name="configurable.Project.GOPATH.is.expanded" value="true" />
        <property name="nodejs_interpreter_path.stuck_in_default_project" value="undefined stuck path" />
        <property name="nodejs_npm_path_reset_for_default_project" value="true" />
        <property name="settings.editor.selected.configurable" value="go" />
      </component>
      <component name="TerminalProjectOptionsProvider">
        <option name="myStartingDirectory" value="E:\program\game\GoGameServer\gameserver" />
      </component>
      <component name="VcsContentAnnotationSettings">
        <option name="myLimit" value="2678400000" />
      </component>
      <component name="masterDetails">
        <states>
          <state key="ScopeChooserConfigurable.UI">
            <settings>
              <splitter-proportions>
                <option name="proportions">
                  <list>
                    <option value="0.2" />
                  </list>
                </option>
              </splitter-proportions>
            </settings>
          </state>
        </states>
      </component>
    </defaultProject>
  </component>
</application>